id,confidence,center_x,center_y,bbox_x1,bbox_y1,bbox_x2,bbox_y2,area_pixel,area_geo_sqm,merged_from,tile_index,tile_image_path,source_image
0,0.5123798698186874,802936.28125,610917.25,802935.4375,610918.125,802937.125,610916.375,12028.110752105713,2.953125,2,7288,runs\Dansomanclipped\tiles_with_detections\Dansomanclipped_tile_007288_x16320_y20672_dets3.jpg,Dansomanclipped.tif
1,0.5815603733062744,802738.0,610852.25,802736.5625,610853.875,802739.5,610850.625,34983.2734375,9.546875,1,8602,runs\Dansomanclipped\tiles_with_detections\Dansomanclipped_tile_008602_x3808_y24480_dets1.jpg,Dansomanclipped.tif
2,0.5679412484169006,802757.4375,610876.9375,802756.125,610878.375,802758.75,610875.5,27186.51953125,7.546875,1,8032,runs\Dansomanclipped\tiles_with_detections\Dansomanclipped_tile_008032_x5440_y22848_dets2.jpg,Dansomanclipped.tif
3,0.3633827492594719,802890.65625,610922.21875,802890.125,610922.8125,802891.1875,610921.625,5594.00559425354,1.26171875,2,7091,runs\Dansomanclipped\tiles_with_detections\Dansomanclipped_tile_007091_x13056_y20128_dets3.jpg,Dansomanclipped.tif
4,0.5263298749923706,802819.5625,610902.25,802818.6875,610903.25,802820.4375,610901.3125,12474.7861328125,3.390625,1,7466,runs\Dansomanclipped\tiles_with_detections\Dansomanclipped_tile_007466_x9248_y21216_dets1.jpg,Dansomanclipped.tif
5,0.5254935026168823,802955.0,610921.1875,802953.25,610922.875,802956.8125,610919.5,44653.09765625,12.0234375,1,7099,runs\Dansomanclipped\tiles_with_detections\Dansomanclipped_tile_007099_x17408_y20128_dets1.jpg,Dansomanclipped.tif
6,0.5177642107009888,803802.0,611103.375,803801.125,611104.4375,803802.9375,611102.25,14228.607421875,3.96484375,1,3373,runs\Dansomanclipped\tiles_with_detections\Dansomanclipped_tile_003373_x68544_y9248_dets1.jpg,Dansomanclipped.tif
7,0.5060131549835205,804350.25,611227.5,804349.0,611229.5,804351.5625,611225.5625,36734.98828125,10.08984375,1,761,runs\Dansomanclipped\tiles_with_detections\Dansomanclipped_tile_000761_x102272_y1632_dets2.jpg,Dansomanclipped.tif
8,0.5002297163009644,802830.875,610898.375,802829.875,610899.375,802831.8125,610897.4375,13726.7998046875,3.75390625,1,7658,runs\Dansomanclipped\tiles_with_detections\Dansomanclipped_tile_007658_x9792_y21760_dets1.jpg,Dansomanclipped.tif
9,0.48798394203186035,804321.4375,611240.625,804319.8125,611242.8125,804323.0625,611238.375,53839.54296875,14.421875,1,566,runs\Dansomanclipped\tiles_with_detections\Dansomanclipped_tile_000566_x100096_y1088_dets1.jpg,Dansomanclipped.tif
10,0.4846060276031494,803156.1875,610986.3125,803155.6875,610986.75,803156.6875,610985.875,3317.692626953125,0.875,1,5784,runs\Dansomanclipped\tiles_with_detections\Dansomanclipped_tile_005784_x29376_y16320_dets1.jpg,Dansomanclipped.tif
11,0.4784547686576843,802923.375,610918.25,802922.25,610919.25,802924.5625,610917.3125,16685.611328125,4.48046875,1,7286,runs\Dansomanclipped\tiles_with_detections\Dansomanclipped_tile_007286_x15232_y20672_dets4.jpg,Dansomanclipped.tif
12,0.4415711760520935,802840.9375,610895.0,802839.125,610896.3125,802842.75,610893.625,36316.48828125,9.7421875,1,7659,runs\Dansomanclipped\tiles_with_detections\Dansomanclipped_tile_007659_x10336_y21760_dets2.jpg,Dansomanclipped.tif
13,0.42680156230926514,803159.0,610967.125,803157.8125,610968.0,803160.1875,610966.1875,15673.2978515625,4.3046875,1,6166,runs\Dansomanclipped\tiles_with_detections\Dansomanclipped_tile_006166_x29376_y17408_dets1.jpg,Dansomanclipped.tif
14,0.4091516137123108,802872.0,610900.9375,802870.125,610902.875,802873.875,610899.0,54361.7421875,14.53125,1,7662,runs\Dansomanclipped\tiles_with_detections\Dansomanclipped_tile_007662_x11968_y21760_dets1.jpg,Dansomanclipped.tif
15,0.40189918875694275,804326.75,611253.5,804321.5625,611256.8125,804332.0,611250.1875,256946.359375,69.1484375,1,185,runs\Dansomanclipped\tiles_with_detections\Dansomanclipped_tile_000185_x100640_y0_dets1.jpg,Dansomanclipped.tif
16,0.39440667629241943,802789.6875,610893.0,802787.4375,610893.9375,802791.9375,610892.125,29942.115234375,8.15625,1,7844,runs\Dansomanclipped\tiles_with_detections\Dansomanclipped_tile_007844_x7072_y22304_dets1.jpg,Dansomanclipped.tif
17,0.2826080322265625,802864.28125,610925.59375,802863.375,610926.625,802865.1875,610924.5625,15026.343059539795,3.73828125,2,7088,runs\Dansomanclipped\tiles_with_detections\Dansomanclipped_tile_007088_x11424_y20128_dets1.jpg,Dansomanclipped.tif
18,0.37143853306770325,802874.25,610901.0625,802872.375,610902.875,802876.125,610899.25,50595.77734375,13.59375,1,7663,runs\Dansomanclipped\tiles_with_detections\Dansomanclipped_tile_007663_x12512_y21760_dets2.jpg,Dansomanclipped.tif
19,0.36446842551231384,803752.0625,611101.75,803751.125,611102.8125,803753.0,611100.75,14240.6552734375,3.8671875,1,3368,runs\Dansomanclipped\tiles_with_detections\Dansomanclipped_tile_003368_x65824_y9248_dets1.jpg,Dansomanclipped.tif
20,0.35915112495422363,803092.75,610957.0625,803087.9375,610959.125,803097.5625,610955.0,148874.25,39.703125,1,6350,runs\Dansomanclipped\tiles_with_detections\Dansomanclipped_tile_006350_x25568_y17952_dets2.jpg,Dansomanclipped.tif
21,0.35741496086120605,802817.875,610901.375,802815.4375,610902.875,802820.25,610899.8125,54236.21875,14.73828125,1,7656,runs\Dansomanclipped\tiles_with_detections\Dansomanclipped_tile_007656_x8704_y21760_dets1.jpg,Dansomanclipped.tif
22,0.3531118333339691,803577.375,611059.6875,803575.8125,611060.6875,803579.0,611058.6875,23267.130859375,6.375,1,4303,runs\Dansomanclipped\tiles_with_detections\Dansomanclipped_tile_004303_x54944_y11968_dets1.jpg,Dansomanclipped.tif
23,0.3509100377559662,802819.5,610901.25,802818.6875,610902.875,802820.375,610899.625,20346.853515625,5.484375,1,7657,runs\Dansomanclipped\tiles_with_detections\Dansomanclipped_tile_007657_x9248_y21760_dets2.jpg,Dansomanclipped.tif
24,0.26879967749118805,802763.4375,610875.53125,802761.875,610876.0,802765.0,610875.0625,12559.797122955322,2.9296875,2,8032,runs\Dansomanclipped\tiles_with_detections\Dansomanclipped_tile_008032_x5440_y22848_dets2.jpg,Dansomanclipped.tif
25,0.34086158871650696,803340.375,610987.625,803339.75,610988.625,803341.0625,610986.6875,9612.4833984375,2.54296875,1,5805,runs\Dansomanclipped\tiles_with_detections\Dansomanclipped_tile_005805_x40800_y16320_dets1.jpg,Dansomanclipped.tif
26,0.3318973779678345,802744.625,610861.375,802744.25,610861.75,802744.9375,610861.0,1901.32568359375,0.515625,1,8412,runs\Dansomanclipped\tiles_with_detections\Dansomanclipped_tile_008412_x4352_y23936_dets1.jpg,Dansomanclipped.tif
27,0.31907644867897034,803436.65625,610929.1875,803435.9375,610930.25,803437.375,610928.125,11393.063049316406,3.0546875,2,6962,runs\Dansomanclipped\tiles_with_detections\Dansomanclipped_tile_006962_x46784_y19584_dets1.jpg,Dansomanclipped.tif
28,0.3275490999221802,803768.25,611095.375,803766.875,611098.5,803769.625,611092.25,62701.7734375,17.1875,1,3561,runs\Dansomanclipped\tiles_with_detections\Dansomanclipped_tile_003561_x66912_y9792_dets2.jpg,Dansomanclipped.tif
29,0.3216746747493744,803283.8125,610955.125,803282.25,610956.5,803285.375,610953.75,31991.8359375,8.59375,1,6562,runs\Dansomanclipped\tiles_with_detections\Dansomanclipped_tile_006562_x36992_y18496_dets2.jpg,Dansomanclipped.tif
30,0.32155516743659973,803250.25,610983.5,803249.75,610984.0,803250.6875,610983.0,3668.06884765625,0.9375,1,5795,runs\Dansomanclipped\tiles_with_detections\Dansomanclipped_tile_005795_x35360_y16320_dets1.jpg,Dansomanclipped.tif
31,0.31516048312187195,804321.125,611244.75,804319.25,611248.1875,804323.0625,611241.25,98293.09375,26.44921875,1,375,runs\Dansomanclipped\tiles_with_detections\Dansomanclipped_tile_000375_x100096_y544_dets2.jpg,Dansomanclipped.tif
32,0.3133789896965027,804320.3125,611254.25,804317.5625,611258.125,804323.0625,611250.3125,158612.109375,42.96875,1,184,runs\Dansomanclipped\tiles_with_detections\Dansomanclipped_tile_000184_x100096_y0_dets1.jpg,Dansomanclipped.tif
33,0.3126533329486847,803137.1875,610949.8125,803136.5,610950.5625,803137.875,610949.0625,7459.43798828125,2.0625,1,6546,runs\Dansomanclipped\tiles_with_detections\Dansomanclipped_tile_006546_x28288_y18496_dets1.jpg,Dansomanclipped.tif
34,0.3001341223716736,804004.125,611151.0,804003.0,611152.0,804005.25,611150.0,16419.431640625,4.5,1,2441,runs\Dansomanclipped\tiles_with_detections\Dansomanclipped_tile_002441_x81056_y6528_dets1.jpg,Dansomanclipped.tif
35,0.2962433993816376,804151.75,611179.375,804150.3125,611180.1875,804153.125,611178.5625,17262.98828125,4.5703125,1,1884,runs\Dansomanclipped\tiles_with_detections\Dansomanclipped_tile_001884_x89760_y4896_dets1.jpg,Dansomanclipped.tif
36,0.29458776116371155,804344.25,611223.125,804342.5,611224.875,804346.0,611221.4375,45052.55859375,12.03125,1,951,runs\Dansomanclipped\tiles_with_detections\Dansomanclipped_tile_000951_x101728_y2176_dets2.jpg,Dansomanclipped.tif
37,0.2939634919166565,802728.4375,610852.25,802726.4375,610854.1875,802730.4375,610850.25,58051.44140625,15.75,1,8601,runs\Dansomanclipped\tiles_with_detections\Dansomanclipped_tile_008601_x3264_y24480_dets1.jpg,Dansomanclipped.tif
38,0.2877034842967987,803113.25,610957.1875,803111.125,610959.375,803115.4375,610955.0,69897.2421875,18.8671875,1,6352,runs\Dansomanclipped\tiles_with_detections\Dansomanclipped_tile_006352_x26656_y17952_dets1.jpg,Dansomanclipped.tif
39,0.28582003712654114,803069.0,610952.625,803067.25,610954.375,803070.6875,610950.8125,45555.8515625,12.24609375,1,6538,runs\Dansomanclipped\tiles_with_detections\Dansomanclipped_tile_006538_x23936_y18496_dets1.jpg,Dansomanclipped.tif
40,0.285623162984848,803922.4375,611131.0,803921.25,611132.0,803923.625,611130.0,17587.99609375,4.75,1,2814,runs\Dansomanclipped\tiles_with_detections\Dansomanclipped_tile_002814_x76160_y7616_dets1.jpg,Dansomanclipped.tif
41,0.28271177411079407,804320.4375,611250.125,804317.8125,611251.75,804323.0625,611248.5625,62035.13671875,16.734375,1,375,runs\Dansomanclipped\tiles_with_detections\Dansomanclipped_tile_000375_x100096_y544_dets2.jpg,Dansomanclipped.tif
42,0.28252339363098145,802949.75,610928.1875,802947.8125,610929.5625,802951.75,610926.8125,39853.44921875,10.828125,1,7098,runs\Dansomanclipped\tiles_with_detections\Dansomanclipped_tile_007098_x16864_y20128_dets3.jpg,Dansomanclipped.tif
43,0.28223520517349243,803598.875,611033.1875,803596.9375,611037.0,803600.75,611029.375,107015.1875,29.0703125,1,4879,runs\Dansomanclipped\tiles_with_detections\Dansomanclipped_tile_004879_x56576_y13600_dets1.jpg,Dansomanclipped.tif
44,0.2820063531398773,803176.875,610973.5,803175.75,610974.4375,803178.0625,610972.5,16835.59765625,4.48046875,1,6168,runs\Dansomanclipped\tiles_with_detections\Dansomanclipped_tile_006168_x30464_y17408_dets1.jpg,Dansomanclipped.tif
45,0.27831459045410156,804340.75,611218.8125,804339.4375,611220.5625,804342.0625,611217.0625,34690.7421875,9.1875,1,951,runs\Dansomanclipped\tiles_with_detections\Dansomanclipped_tile_000951_x101728_y2176_dets2.jpg,Dansomanclipped.tif
46,0.27597495913505554,803786.9375,611104.875,803784.8125,611107.125,803789.0625,611102.5625,71758.09375,19.390625,1,3372,runs\Dansomanclipped\tiles_with_detections\Dansomanclipped_tile_003372_x68000_y9248_dets2.jpg,Dansomanclipped.tif
47,0.27555912733078003,802955.25,610920.0625,802953.0625,610920.75,802957.5,610919.375,22557.064453125,6.1015625,1,7290,runs\Dansomanclipped\tiles_with_detections\Dansomanclipped_tile_007290_x17408_y20672_dets1.jpg,Dansomanclipped.tif
48,0.27350783348083496,802917.5,610916.125,802916.4375,610917.875,802918.625,610914.4375,28011.796875,7.51953125,1,7285,runs\Dansomanclipped\tiles_with_detections\Dansomanclipped_tile_007285_x14688_y20672_dets1.jpg,Dansomanclipped.tif
49,0.2693518102169037,802817.875,610902.4375,802815.4375,610903.5625,802820.25,610901.3125,40239.05078125,10.828125,1,7465,runs\Dansomanclipped\tiles_with_detections\Dansomanclipped_tile_007465_x8704_y21216_dets2.jpg,Dansomanclipped.tif
50,0.2692112326622009,803315.75,611010.8125,803315.4375,611011.125,803316.0625,611010.5,1498.7186279296875,0.390625,1,5229,runs\Dansomanclipped\tiles_with_detections\Dansomanclipped_tile_005229_x39168_y14688_dets1.jpg,Dansomanclipped.tif
51,0.26904726028442383,802999.5625,610935.5,802997.5625,610937.875,803001.5625,610933.1875,69393.7890625,18.75,1,6913,runs\Dansomanclipped\tiles_with_detections\Dansomanclipped_tile_006913_x20128_y19584_dets1.jpg,Dansomanclipped.tif
52,0.26782840490341187,803145.125,610954.125,803144.0,610955.4375,803146.25,610952.8125,21542.83203125,5.90625,1,6547,runs\Dansomanclipped\tiles_with_detections\Dansomanclipped_tile_006547_x28832_y18496_dets1.jpg,Dansomanclipped.tif
53,0.2639848589897156,802738.875,610852.375,802738.1875,610853.6875,802739.5,610851.0,13302.0498046875,3.52734375,1,8603,runs\Dansomanclipped\tiles_with_detections\Dansomanclipped_tile_008603_x4352_y24480_dets1.jpg,Dansomanclipped.tif
54,0.2637641131877899,802981.125,610849.0,802980.6875,610849.4375,802981.5625,610848.5,2891.94287109375,0.8203125,1,8630,runs\Dansomanclipped\tiles_with_detections\Dansomanclipped_tile_008630_x19040_y24480_dets1.jpg,Dansomanclipped.tif
55,0.2625444233417511,803302.75,610981.5,803301.75,610983.375,803303.6875,610979.6875,26481.18359375,7.14453125,1,5992,runs\Dansomanclipped\tiles_with_detections\Dansomanclipped_tile_005992_x38624_y16864_dets2.jpg,Dansomanclipped.tif
56,0.21834375709295273,803149.90625,610873.09375,803149.625,610873.375,803150.1875,610872.8125,1205.4436683654785,0.31640625,2,8266,runs\Dansomanclipped\tiles_with_detections\Dansomanclipped_tile_008266_x28832_y23392_dets1.jpg,Dansomanclipped.tif
57,0.21105634421110153,803463.96875,611014.90625,803462.6875,611015.9375,803465.25,611013.875,22830.872497558594,5.28515625,2,5246,runs\Dansomanclipped\tiles_with_detections\Dansomanclipped_tile_005246_x48416_y14688_dets1.jpg,Dansomanclipped.tif
58,0.2603732645511627,802822.875,610898.9375,802820.75,610900.375,802824.9375,610897.5,45055.34375,12.0390625,1,7657,runs\Dansomanclipped\tiles_with_detections\Dansomanclipped_tile_007657_x9248_y21760_dets2.jpg,Dansomanclipped.tif
59,0.2345462515950203,803633.25,611075.125,803632.0625,611076.0,803634.4375,611074.25,16403.01638031006,4.15625,2,3928,runs\Dansomanclipped\tiles_with_detections\Dansomanclipped_tile_003928_x58752_y10880_dets1.jpg,Dansomanclipped.tif
60,0.24451617151498795,803454.5,611008.96875,803453.1875,611010.1875,803455.8125,611007.75,26172.850261688232,6.3984375,2,5435,runs\Dansomanclipped\tiles_with_detections\Dansomanclipped_tile_005435_x47328_y15232_dets3.jpg,Dansomanclipped.tif
61,0.2561624348163605,803116.0625,610957.375,803113.875,610959.6875,803118.25,610955.0625,74982.9140625,20.234375,1,6353,runs\Dansomanclipped\tiles_with_detections\Dansomanclipped_tile_006353_x27200_y17952_dets1.jpg,Dansomanclipped.tif
62,0.25495049357414246,803775.25,611107.5,803773.1875,611108.625,803777.375,611106.4375,34458.06640625,9.16015625,1,3370,runs\Dansomanclipped\tiles_with_detections\Dansomanclipped_tile_003370_x66912_y9248_dets1.jpg,Dansomanclipped.tif
63,0.25390273332595825,802918.375,610916.25,802917.0625,610918.0625,802919.625,610914.4375,34289.94921875,9.2890625,1,7286,runs\Dansomanclipped\tiles_with_detections\Dansomanclipped_tile_007286_x15232_y20672_dets4.jpg,Dansomanclipped.tif
64,0.2512201964855194,802986.5,610879.1875,802986.3125,610879.5,802986.6875,610878.875,822.236328125,0.234375,1,8057,runs\Dansomanclipped\tiles_with_detections\Dansomanclipped_tile_008057_x19040_y22848_dets3.jpg,Dansomanclipped.tif
65,0.25096458196640015,803071.5,610967.125,803070.5,610967.75,803072.5625,610966.5,9694.23828125,2.578125,1,6157,runs\Dansomanclipped\tiles_with_detections\Dansomanclipped_tile_006157_x24480_y17408_dets2.jpg,Dansomanclipped.tif
66,0.24796323478221893,803785.625,611104.5,803784.8125,611106.5,803786.375,611102.5625,22760.759765625,6.15234375,1,3371,runs\Dansomanclipped\tiles_with_detections\Dansomanclipped_tile_003371_x67456_y9248_dets1.jpg,Dansomanclipped.tif
67,0.2479197233915329,804153.625,611170.0,804151.5625,611171.25,804155.625,611168.75,37189.18359375,10.15625,1,2076,runs\Dansomanclipped\tiles_with_detections\Dansomanclipped_tile_002076_x90304_y5440_dets1.jpg,Dansomanclipped.tif
68,0.2472226321697235,803072.0,610967.125,803071.5,610967.6875,803072.5625,610966.625,4162.75390625,1.12890625,1,6157,runs\Dansomanclipped\tiles_with_detections\Dansomanclipped_tile_006157_x24480_y17408_dets2.jpg,Dansomanclipped.tif
69,0.20231413841247559,802676.46875,610862.25,802675.5,610864.3125,802677.4375,610860.1875,30365.28631210327,7.9921875,2,8405,runs\Dansomanclipped\tiles_with_detections\Dansomanclipped_tile_008405_x544_y23936_dets2.jpg,Dansomanclipped.tif
70,0.24594666063785553,803923.625,611123.25,803922.8125,611124.1875,803924.5,611122.25,12096.3408203125,3.26953125,1,3005,runs\Dansomanclipped\tiles_with_detections\Dansomanclipped_tile_003005_x76160_y8160_dets1.jpg,Dansomanclipped.tif
71,0.2416216880083084,803604.6875,611021.5625,803601.9375,611025.5,803607.4375,611017.625,159952.171875,43.3125,1,5070,runs\Dansomanclipped\tiles_with_detections\Dansomanclipped_tile_005070_x56576_y14144_dets2.jpg,Dansomanclipped.tif
72,0.24130046367645264,803303.875,610993.125,803301.75,610995.5625,803306.0,610990.75,75991.7109375,20.453125,1,5610,runs\Dansomanclipped\tiles_with_detections\Dansomanclipped_tile_005610_x38624_y15776_dets1.jpg,Dansomanclipped.tif
73,0.24126093089580536,804081.375,611128.25,804080.0,611131.5625,804082.6875,611125.0,65711.8046875,17.63671875,1,2832,runs\Dansomanclipped\tiles_with_detections\Dansomanclipped_tile_002832_x85952_y7616_dets1.jpg,Dansomanclipped.tif
74,0.23879161477088928,803398.6875,611009.5,803397.4375,611010.4375,803399.9375,611008.625,16645.673828125,4.53125,1,5238,runs\Dansomanclipped\tiles_with_detections\Dansomanclipped_tile_005238_x44064_y14688_dets1.jpg,Dansomanclipped.tif
75,0.23827417194843292,803078.4375,610955.4375,803077.25,610955.875,803079.625,610955.0,8101.7265625,2.078125,1,6348,runs\Dansomanclipped\tiles_with_detections\Dansomanclipped_tile_006348_x24480_y17952_dets1.jpg,Dansomanclipped.tif
76,0.2350327968597412,804323.1875,611223.3125,804321.5625,611224.875,804324.8125,611221.75,37071.69140625,10.15625,1,949,runs\Dansomanclipped\tiles_with_detections\Dansomanclipped_tile_000949_x100640_y2176_dets2.jpg,Dansomanclipped.tif
77,0.23499034345149994,803014.1875,610931.125,803013.1875,610932.0625,803015.1875,610930.1875,13798.2158203125,3.75,1,6914,runs\Dansomanclipped\tiles_with_detections\Dansomanclipped_tile_006914_x20672_y19584_dets1.jpg,Dansomanclipped.tif
78,0.23390337824821472,804137.6875,611169.0625,804133.875,611171.1875,804141.5,611166.9375,120359.7734375,32.40625,1,2074,runs\Dansomanclipped\tiles_with_detections\Dansomanclipped_tile_002074_x89216_y5440_dets1.jpg,Dansomanclipped.tif
79,0.23285269737243652,802765.5625,610868.25,802764.8125,610869.0625,802766.3125,610867.5,8371.47265625,2.34375,1,8223,runs\Dansomanclipped\tiles_with_detections\Dansomanclipped_tile_008223_x5440_y23392_dets2.jpg,Dansomanclipped.tif
80,0.2328084409236908,804334.0625,611219.1875,804330.5,611223.4375,804337.625,611214.9375,224430.09375,60.5625,1,950,runs\Dansomanclipped\tiles_with_detections\Dansomanclipped_tile_000950_x101184_y2176_dets1.jpg,Dansomanclipped.tif
81,0.2316257655620575,803147.1875,610888.0,803146.75,610888.5,803147.625,610887.4375,3277.183349609375,0.9296875,1,7884,runs\Dansomanclipped\tiles_with_detections\Dansomanclipped_tile_007884_x28832_y22304_dets2.jpg,Dansomanclipped.tif
82,0.23055659234523773,802995.625,610856.25,802994.9375,610857.0625,802996.3125,610855.375,8508.326171875,2.3203125,1,8631,runs\Dansomanclipped\tiles_with_detections\Dansomanclipped_tile_008631_x19584_y24480_dets1.jpg,Dansomanclipped.tif
83,0.22699639201164246,804334.375,611229.8125,804330.5,611233.8125,804338.25,611225.8125,228783.953125,62.0,1,759,runs\Dansomanclipped\tiles_with_detections\Dansomanclipped_tile_000759_x101184_y1632_dets1.jpg,Dansomanclipped.tif
84,0.2268694043159485,803081.8125,610954.375,803078.125,610956.5,803085.5,610952.1875,116710.1953125,31.8046875,1,6540,runs\Dansomanclipped\tiles_with_detections\Dansomanclipped_tile_006540_x25024_y18496_dets2.jpg,Dansomanclipped.tif
85,0.2267773300409317,803679.625,611056.625,803679.4375,611057.1875,803679.875,611056.0625,1894.7696533203125,0.4921875,1,4315,runs\Dansomanclipped\tiles_with_detections\Dansomanclipped_tile_004315_x61472_y11968_dets1.jpg,Dansomanclipped.tif
86,0.2260296642780304,803958.5625,611137.0,803954.75,611140.0,803962.375,611133.9375,170611.09375,46.2265625,1,2627,runs\Dansomanclipped\tiles_with_detections\Dansomanclipped_tile_002627_x78336_y7072_dets2.jpg,Dansomanclipped.tif
87,0.22507984936237335,803454.875,611017.1875,803453.8125,611019.125,803455.875,611015.25,29560.00390625,7.9921875,1,5245,runs\Dansomanclipped\tiles_with_detections\Dansomanclipped_tile_005245_x47872_y14688_dets3.jpg,Dansomanclipped.tif
88,0.22479166090488434,804081.3125,611116.0,804080.0,611117.5625,804082.625,611114.375,30876.80078125,8.3671875,1,3214,runs\Dansomanclipped\tiles_with_detections\Dansomanclipped_tile_003214_x85952_y8704_dets1.jpg,Dansomanclipped.tif
89,0.22476044297218323,804099.3125,611166.25,804097.875,611168.125,804100.75,611164.375,39714.625,10.78125,1,2070,runs\Dansomanclipped\tiles_with_detections\Dansomanclipped_tile_002070_x87040_y5440_dets2.jpg,Dansomanclipped.tif
90,0.2226267009973526,803130.625,610932.375,803127.875,610936.625,803133.3125,610928.125,170685.890625,46.21875,1,6927,runs\Dansomanclipped\tiles_with_detections\Dansomanclipped_tile_006927_x27744_y19584_dets1.jpg,Dansomanclipped.tif
91,0.2222747951745987,803280.75,610977.25,803278.75,610981.5625,803282.75,610972.875,127177.8828125,34.75,1,5989,runs\Dansomanclipped\tiles_with_detections\Dansomanclipped_tile_005989_x36992_y16864_dets1.jpg,Dansomanclipped.tif
92,0.22101090848445892,803110.125,610968.25,803107.5,610972.625,803112.75,610963.9375,168727.09375,45.609375,1,6161,runs\Dansomanclipped\tiles_with_detections\Dansomanclipped_tile_006161_x26656_y17408_dets1.jpg,Dansomanclipped.tif
93,0.22091859579086304,804299.5625,611212.875,804298.875,611213.5,804300.25,611212.3125,6161.2294921875,1.6328125,1,1137,runs\Dansomanclipped\tiles_with_detections\Dansomanclipped_tile_001137_x99008_y2720_dets1.jpg,Dansomanclipped.tif
94,0.22077301144599915,803408.75,611009.875,803406.8125,611011.1875,803410.625,611008.625,36263.078125,9.76953125,1,5239,runs\Dansomanclipped\tiles_with_detections\Dansomanclipped_tile_005239_x44608_y14688_dets1.jpg,Dansomanclipped.tif
95,0.2196386754512787,803178.4375,610979.375,803176.5,610983.3125,803180.375,610975.5,111988.21875,30.2734375,1,5978,runs\Dansomanclipped\tiles_with_detections\Dansomanclipped_tile_005978_x31008_y16864_dets1.jpg,Dansomanclipped.tif
96,0.2192707061767578,803296.0625,610934.0,803292.8125,610938.5625,803299.3125,610929.4375,219996.375,59.3125,1,6946,runs\Dansomanclipped\tiles_with_detections\Dansomanclipped_tile_006946_x38080_y19584_dets1.jpg,Dansomanclipped.tif
97,0.21843749284744263,804153.125,611179.375,804151.5625,611180.1875,804154.625,611178.625,17847.404296875,4.78515625,1,1885,runs\Dansomanclipped\tiles_with_detections\Dansomanclipped_tile_001885_x90304_y4896_dets3.jpg,Dansomanclipped.tif
98,0.21835465729236603,802949.0625,610933.875,802944.8125,610938.5,802953.3125,610929.1875,290415.1875,79.15625,1,6907,runs\Dansomanclipped\tiles_with_detections\Dansomanclipped_tile_006907_x16864_y19584_dets3.jpg,Dansomanclipped.tif
99,0.21783241629600525,803066.75,610972.0,803066.1875,610972.5,803067.25,610971.4375,3957.93896484375,1.12890625,1,6156,runs\Dansomanclipped\tiles_with_detections\Dansomanclipped_tile_006156_x23936_y17408_dets2.jpg,Dansomanclipped.tif
100,0.21672551333904266,803193.875,610985.25,803192.6875,610986.3125,803195.125,610984.25,18134.400390625,5.02734375,1,5788,runs\Dansomanclipped\tiles_with_detections\Dansomanclipped_tile_005788_x31552_y16320_dets2.jpg,Dansomanclipped.tif
101,0.2155691236257553,802923.25,610914.625,802921.75,610915.5625,802924.75,610913.625,21153.482421875,5.8125,1,7286,runs\Dansomanclipped\tiles_with_detections\Dansomanclipped_tile_007286_x15232_y20672_dets4.jpg,Dansomanclipped.tif
102,0.21489520370960236,804081.5,611122.0,804080.0,611126.375,804083.0625,611117.6875,99037.8203125,26.60546875,1,3023,runs\Dansomanclipped\tiles_with_detections\Dansomanclipped_tile_003023_x85952_y8160_dets1.jpg,Dansomanclipped.tif
103,0.18318407237529755,802978.96875,610857.46875,802978.1875,610858.125,802979.75,610856.8125,8769.544319152832,2.05078125,2,8629,runs\Dansomanclipped\tiles_with_detections\Dansomanclipped_tile_008629_x18496_y24480_dets1.jpg,Dansomanclipped.tif
104,0.2140178084373474,803071.0625,610974.5,803070.0625,610975.625,803072.0625,610973.4375,16193.083984375,4.375,1,5966,runs\Dansomanclipped\tiles_with_detections\Dansomanclipped_tile_005966_x24480_y16864_dets1.jpg,Dansomanclipped.tif
105,0.21317298710346222,803317.375,611008.0,803315.5625,611009.875,803319.125,611006.0625,49995.65234375,13.58203125,1,5420,runs\Dansomanclipped\tiles_with_detections\Dansomanclipped_tile_005420_x39168_y15232_dets1.jpg,Dansomanclipped.tif
106,0.2109987884759903,803295.875,610941.8125,803292.8125,610946.5625,803298.9375,610937.0625,214716.03125,58.1875,1,6755,runs\Dansomanclipped\tiles_with_detections\Dansomanclipped_tile_006755_x38080_y19040_dets1.jpg,Dansomanclipped.tif
107,0.2098585069179535,803445.375,610962.25,803444.25,610965.375,803446.4375,610959.0625,52189.12109375,13.80859375,1,6389,runs\Dansomanclipped\tiles_with_detections\Dansomanclipped_tile_006389_x46784_y17952_dets1.jpg,Dansomanclipped.tif
108,0.20985709130764008,803821.875,611125.5,803820.75,611126.0625,803823.0,611124.9375,9758.7158203125,2.53125,1,2803,runs\Dansomanclipped\tiles_with_detections\Dansomanclipped_tile_002803_x70176_y7616_dets1.jpg,Dansomanclipped.tif
109,0.20971709489822388,804328.5625,611231.1875,804325.0625,611233.8125,804332.0625,611228.5625,135880.59375,36.75,1,758,runs\Dansomanclipped\tiles_with_detections\Dansomanclipped_tile_000758_x100640_y1632_dets2.jpg,Dansomanclipped.tif
110,0.20774012804031372,802967.5,610923.9375,802966.5625,610924.9375,802968.375,610922.9375,13658.3388671875,3.625,1,7100,runs\Dansomanclipped\tiles_with_detections\Dansomanclipped_tile_007100_x17952_y20128_dets1.jpg,Dansomanclipped.tif
111,0.20754235982894897,803026.5,610944.0,803024.875,610944.875,803028.1875,610943.125,21499.541015625,5.796875,1,6725,runs\Dansomanclipped\tiles_with_detections\Dansomanclipped_tile_006725_x21760_y19040_dets1.jpg,Dansomanclipped.tif
112,0.20648352801799774,802794.5625,610896.0,802791.8125,610899.625,802797.3125,610892.375,146902.15625,39.875,1,7654,runs\Dansomanclipped\tiles_with_detections\Dansomanclipped_tile_007654_x7616_y21760_dets1.jpg,Dansomanclipped.tif
113,0.20591716468334198,803455.0,611010.9375,803453.8125,611013.25,803456.1875,611008.625,39884.19140625,10.984375,1,5245,runs\Dansomanclipped\tiles_with_detections\Dansomanclipped_tile_005245_x47872_y14688_dets3.jpg,Dansomanclipped.tif
114,0.20560318231582642,804068.375,611121.4375,804064.125,611126.5,804072.625,611116.375,319552.5,86.0625,1,3021,runs\Dansomanclipped\tiles_with_detections\Dansomanclipped_tile_003021_x84864_y8160_dets2.jpg,Dansomanclipped.tif
115,0.20556975901126862,802892.0625,610904.1875,802890.25,610907.0625,802893.875,610901.3125,77807.421875,20.84375,1,7474,runs\Dansomanclipped\tiles_with_detections\Dansomanclipped_tile_007474_x13600_y21216_dets1.jpg,Dansomanclipped.tif
116,0.2052442878484726,802965.625,610936.375,802965.125,610936.8125,802966.125,610935.9375,3159.8505859375,0.875,1,6909,runs\Dansomanclipped\tiles_with_detections\Dansomanclipped_tile_006909_x17952_y19584_dets1.jpg,Dansomanclipped.tif
117,0.204664409160614,803297.625,610924.625,803292.8125,610929.6875,803302.5,610919.5,363750.4375,98.69140625,1,7137,runs\Dansomanclipped\tiles_with_detections\Dansomanclipped_tile_007137_x38080_y20128_dets1.jpg,Dansomanclipped.tif
118,0.2021891176700592,803177.625,610973.125,803176.5,610974.4375,803178.8125,610971.75,23384.734375,6.21484375,1,6169,runs\Dansomanclipped\tiles_with_detections\Dansomanclipped_tile_006169_x31008_y17408_dets1.jpg,Dansomanclipped.tif
119,0.1995389312505722,804123.375,611175.75,804120.4375,611180.0,804126.3125,611171.5625,183876.359375,49.5703125,1,1881,runs\Dansomanclipped\tiles_with_detections\Dansomanclipped_tile_001881_x88128_y4896_dets1.jpg,Dansomanclipped.tif
120,0.19937127828598022,803058.375,610948.0625,803056.125,610949.125,803060.625,610947.0,35181.98046875,9.5625,1,6537,runs\Dansomanclipped\tiles_with_detections\Dansomanclipped_tile_006537_x23392_y18496_dets1.jpg,Dansomanclipped.tif
121,0.19936662912368774,803079.0625,610953.5,803078.125,610955.875,803080.0,610951.125,33364.4765625,8.90625,1,6540,runs\Dansomanclipped\tiles_with_detections\Dansomanclipped_tile_006540_x25024_y18496_dets2.jpg,Dansomanclipped.tif
122,0.19013792276382446,802989.96875,610870.875,802989.5625,610871.375,802990.375,610870.375,3058.745861053467,0.8125,2,8248,runs\Dansomanclipped\tiles_with_detections\Dansomanclipped_tile_008248_x19040_y23392_dets1.jpg,Dansomanclipped.tif
123,0.19630219787359238,803790.0625,611099.0625,803788.625,611099.6875,803791.5,611098.4375,24449.55828857422,3.59375,2,3563,runs\Dansomanclipped\tiles_with_detections\Dansomanclipped_tile_003563_x68000_y9792_dets1.jpg,Dansomanclipped.tif
124,0.19816280901432037,803150.375,610889.3125,803149.5625,610890.3125,803151.1875,610888.3125,12046.646484375,3.25,1,7884,runs\Dansomanclipped\tiles_with_detections\Dansomanclipped_tile_007884_x28832_y22304_dets2.jpg,Dansomanclipped.tif
125,0.19794721901416779,803167.5,610993.5,803167.125,610994.0625,803167.9375,610993.0,3449.980224609375,0.86328125,1,5594,runs\Dansomanclipped\tiles_with_detections\Dansomanclipped_tile_005594_x29920_y15776_dets1.jpg,Dansomanclipped.tif
126,0.19793277978897095,803261.8125,610998.0625,803257.0,611001.125,803266.625,610995.0,217470.578125,58.953125,1,5605,runs\Dansomanclipped\tiles_with_detections\Dansomanclipped_tile_005605_x35904_y15776_dets1.jpg,Dansomanclipped.tif
127,0.19711965322494507,803748.625,611077.125,803746.6875,611081.6875,803750.5625,611072.5625,130401.7578125,35.359375,1,3940,runs\Dansomanclipped\tiles_with_detections\Dansomanclipped_tile_003940_x65280_y10880_dets1.jpg,Dansomanclipped.tif
128,0.19671626389026642,803176.0,610979.25,803173.875,610983.3125,803178.0625,610975.25,123892.90625,33.76171875,1,5977,runs\Dansomanclipped\tiles_with_detections\Dansomanclipped_tile_005977_x30464_y16864_dets3.jpg,Dansomanclipped.tif
129,0.19654230773448944,804346.5,611243.75,804343.125,611246.25,804349.9375,611241.25,126446.59375,34.0625,1,378,runs\Dansomanclipped\tiles_with_detections\Dansomanclipped_tile_000378_x101728_y544_dets1.jpg,Dansomanclipped.tif
130,0.19630774855613708,804328.0,611236.625,804323.875,611240.8125,804332.0625,611232.375,257023.609375,69.08203125,1,567,runs\Dansomanclipped\tiles_with_detections\Dansomanclipped_tile_000567_x100640_y1088_dets2.jpg,Dansomanclipped.tif
131,0.196248859167099,802988.0625,610875.0,802987.8125,610875.5,802988.3125,610874.4375,2188.289794921875,0.53125,1,8057,runs\Dansomanclipped\tiles_with_detections\Dansomanclipped_tile_008057_x19040_y22848_dets3.jpg,Dansomanclipped.tif
132,0.19528204202651978,804332.0,611252.0625,804330.5,611253.9375,804333.5,611250.1875,41737.765625,11.25,1,186,runs\Dansomanclipped\tiles_with_detections\Dansomanclipped_tile_000186_x101184_y0_dets1.jpg,Dansomanclipped.tif
133,0.19494938850402832,802953.8125,610921.375,802953.1875,610923.0,802954.4375,610919.8125,14879.4228515625,3.984375,1,7098,runs\Dansomanclipped\tiles_with_detections\Dansomanclipped_tile_007098_x16864_y20128_dets3.jpg,Dansomanclipped.tif
134,0.19462621212005615,803341.9375,611004.3125,803341.5,611004.75,803342.375,611003.875,2746.37255859375,0.765625,1,5423,runs\Dansomanclipped\tiles_with_detections\Dansomanclipped_tile_005423_x40800_y15232_dets1.jpg,Dansomanclipped.tif
135,0.19399817287921906,803197.0,610988.125,803195.25,610989.6875,803198.8125,610986.625,40871.328125,10.91015625,1,5789,runs\Dansomanclipped\tiles_with_detections\Dansomanclipped_tile_005789_x32096_y16320_dets1.jpg,Dansomanclipped.tif
136,0.19394268095493317,803313.75,611023.875,803312.625,611024.9375,803314.8125,611022.875,16581.13671875,4.51171875,1,5038,runs\Dansomanclipped\tiles_with_detections\Dansomanclipped_tile_005038_x39168_y14144_dets1.jpg,Dansomanclipped.tif
137,0.19297997653484344,802937.25,610928.125,802934.9375,610929.6875,802939.5625,610926.5,54279.13671875,14.7421875,1,7097,runs\Dansomanclipped\tiles_with_detections\Dansomanclipped_tile_007097_x16320_y20128_dets1.jpg,Dansomanclipped.tif
138,0.1925009936094284,803630.875,611076.125,803629.8125,611077.3125,803631.875,611074.9375,18296.73046875,4.8984375,1,3927,runs\Dansomanclipped\tiles_with_detections\Dansomanclipped_tile_003927_x58208_y10880_dets2.jpg,Dansomanclipped.tif
139,0.19129197299480438,803609.375,610996.25,803605.875,611001.25,803612.9375,610991.25,261041.453125,70.625,1,5644,runs\Dansomanclipped\tiles_with_detections\Dansomanclipped_tile_005644_x57120_y15776_dets1.jpg,Dansomanclipped.tif
140,0.19102151691913605,802990.6875,610907.0,802989.9375,610907.625,802991.4375,610906.4375,6569.96142578125,1.78125,1,7485,runs\Dansomanclipped\tiles_with_detections\Dansomanclipped_tile_007485_x19584_y21216_dets1.jpg,Dansomanclipped.tif
141,0.19042402505874634,803608.875,611032.0,803605.875,611037.0,803611.875,611027.0625,221812.3125,59.625,1,4880,runs\Dansomanclipped\tiles_with_detections\Dansomanclipped_tile_004880_x57120_y13600_dets1.jpg,Dansomanclipped.tif
142,0.1899457424879074,804326.75,611239.75,804321.625,611242.8125,804331.9375,611236.625,235112.390625,63.80859375,1,567,runs\Dansomanclipped\tiles_with_detections\Dansomanclipped_tile_000567_x100640_y1088_dets2.jpg,Dansomanclipped.tif
143,0.18988953530788422,803751.875,611091.125,803749.0,611093.0625,803754.6875,611089.1875,82427.7265625,22.0390625,1,3559,runs\Dansomanclipped\tiles_with_detections\Dansomanclipped_tile_003559_x65824_y9792_dets1.jpg,Dansomanclipped.tif
144,0.1893879920244217,803609.1875,611014.125,803605.875,611019.125,803612.5,611009.125,244860.265625,66.25,1,5262,runs\Dansomanclipped\tiles_with_detections\Dansomanclipped_tile_005262_x57120_y14688_dets1.jpg,Dansomanclipped.tif
145,0.18923959136009216,804181.625,611178.6875,804178.375,611180.1875,804184.9375,611177.1875,73050.015625,19.6875,1,1888,runs\Dansomanclipped\tiles_with_detections\Dansomanclipped_tile_001888_x91936_y4896_dets1.jpg,Dansomanclipped.tif
146,0.1884922981262207,802997.5,610929.25,802996.3125,610929.6875,802998.625,610928.8125,7646.96142578125,2.0234375,1,7103,runs\Dansomanclipped\tiles_with_detections\Dansomanclipped_tile_007103_x19584_y20128_dets1.jpg,Dansomanclipped.tif
147,0.18836818635463715,803256.5,610997.875,803254.5,611000.875,803258.5625,610994.9375,88737.6328125,24.12109375,1,5604,runs\Dansomanclipped\tiles_with_detections\Dansomanclipped_tile_005604_x35360_y15776_dets1.jpg,Dansomanclipped.tif
148,0.18656884133815765,802839.6875,610894.6875,802836.5625,610896.9375,802842.8125,610892.4375,103367.2265625,28.125,1,7659,runs\Dansomanclipped\tiles_with_detections\Dansomanclipped_tile_007659_x10336_y21760_dets2.jpg,Dansomanclipped.tif
149,0.18613283336162567,802949.25,610919.25,802944.3125,610920.75,802954.125,610917.8125,106611.5390625,28.82421875,1,7289,runs\Dansomanclipped\tiles_with_detections\Dansomanclipped_tile_007289_x16864_y20672_dets1.jpg,Dansomanclipped.tif
150,0.17042890191078186,803775.96875,611036.46875,803775.6875,611036.75,803776.25,611036.1875,1317.9169921875,0.31640625,2,4707,runs\Dansomanclipped\tiles_with_detections\Dansomanclipped_tile_004707_x66912_y13056_dets1.jpg,Dansomanclipped.tif
151,0.18514715135097504,803766.0,611095.5,803763.5625,611098.9375,803768.4375,611092.0625,123922.125,33.515625,1,3560,runs\Dansomanclipped\tiles_with_detections\Dansomanclipped_tile_003560_x66368_y9792_dets1.jpg,Dansomanclipped.tif
152,0.1845405101776123,803550.3125,611043.5,803549.6875,611043.9375,803550.9375,611043.125,3643.27099609375,1.015625,1,4682,runs\Dansomanclipped\tiles_with_detections\Dansomanclipped_tile_004682_x53312_y13056_dets1.jpg,Dansomanclipped.tif
153,0.18412943184375763,804334.125,611245.625,804330.5,611249.9375,804337.75,611241.25,233668.03125,62.984375,1,377,runs\Dansomanclipped\tiles_with_detections\Dansomanclipped_tile_000377_x101184_y544_dets1.jpg,Dansomanclipped.tif
154,0.18265791237354279,803067.625,610965.5,803066.9375,610966.125,803068.375,610964.9375,6354.6748046875,1.70703125,1,6156,runs\Dansomanclipped\tiles_with_detections\Dansomanclipped_tile_006156_x23936_y17408_dets2.jpg,Dansomanclipped.tif
155,0.1821727305650711,803304.875,610979.6875,803304.25,610980.6875,803305.5,610978.6875,9138.0849609375,2.5,1,5992,runs\Dansomanclipped\tiles_with_detections\Dansomanclipped_tile_005992_x38624_y16864_dets2.jpg,Dansomanclipped.tif
156,0.1814509481191635,802950.3125,610929.5,802948.0,610930.875,802952.625,610928.125,47961.28515625,12.71875,1,6907,runs\Dansomanclipped\tiles_with_detections\Dansomanclipped_tile_006907_x16864_y19584_dets3.jpg,Dansomanclipped.tif
157,0.18131999671459198,803437.5625,611010.75,803435.9375,611012.875,803439.1875,611008.625,51342.0546875,13.8125,1,5243,runs\Dansomanclipped\tiles_with_detections\Dansomanclipped_tile_005243_x46784_y14688_dets1.jpg,Dansomanclipped.tif
158,0.18114328384399414,803100.0,610974.1875,803099.0,610975.0625,803101.0,610973.3125,12507.25390625,3.5,1,5969,runs\Dansomanclipped\tiles_with_detections\Dansomanclipped_tile_005969_x26112_y16864_dets1.jpg,Dansomanclipped.tif
159,0.18106737732887268,802789.75,610893.75,802787.6875,610895.1875,802791.8125,610892.375,43389.51953125,11.6015625,1,7653,runs\Dansomanclipped\tiles_with_detections\Dansomanclipped_tile_007653_x7072_y21760_dets1.jpg,Dansomanclipped.tif
160,0.18087701499462128,803284.375,610948.9375,803283.4375,610951.8125,803285.375,610946.0625,42329.07421875,11.140625,1,6562,runs\Dansomanclipped\tiles_with_detections\Dansomanclipped_tile_006562_x36992_y18496_dets2.jpg,Dansomanclipped.tif
161,0.1804511994123459,803312.625,610932.25,803310.6875,610936.3125,803314.625,610928.125,120248.7578125,32.23828125,1,6948,runs\Dansomanclipped\tiles_with_detections\Dansomanclipped_tile_006948_x39168_y19584_dets1.jpg,Dansomanclipped.tif
162,0.18038427829742432,804153.375,611172.0625,804151.5625,611174.4375,804155.1875,611169.6875,63091.86328125,17.21875,1,1885,runs\Dansomanclipped\tiles_with_detections\Dansomanclipped_tile_001885_x90304_y4896_dets3.jpg,Dansomanclipped.tif
163,0.18009229004383087,803956.1875,611136.75,803954.75,611139.625,803957.625,611133.9375,59842.50390625,16.3515625,1,2627,runs\Dansomanclipped\tiles_with_detections\Dansomanclipped_tile_002627_x78336_y7072_dets2.jpg,Dansomanclipped.tif
164,0.1798703819513321,803909.125,611103.625,803906.6875,611108.625,803911.5625,611098.625,180962.421875,48.75,1,3385,runs\Dansomanclipped\tiles_with_detections\Dansomanclipped_tile_003385_x75072_y9248_dets1.jpg,Dansomanclipped.tif
165,0.1798253208398819,803090.0625,610958.625,803089.6875,610959.0625,803090.4375,610958.1875,2571.48291015625,0.65625,1,6350,runs\Dansomanclipped\tiles_with_detections\Dansomanclipped_tile_006350_x25568_y17952_dets2.jpg,Dansomanclipped.tif
166,0.1797848790884018,802982.625,610860.5,802982.1875,610861.0625,802983.0625,610859.875,3902.339599609375,1.0390625,1,8439,runs\Dansomanclipped\tiles_with_detections\Dansomanclipped_tile_008439_x19040_y23936_dets1.jpg,Dansomanclipped.tif
167,0.17966671288013458,804288.625,611220.5,804285.75,611224.875,804291.5,611216.125,184599.03125,50.3125,1,945,runs\Dansomanclipped\tiles_with_detections\Dansomanclipped_tile_000945_x98464_y2176_dets1.jpg,Dansomanclipped.tif
168,0.17927305400371552,803304.5,610934.625,803301.75,610938.5,803307.1875,610930.75,156545.03125,42.140625,1,6947,runs\Dansomanclipped\tiles_with_detections\Dansomanclipped_tile_006947_x38624_y19584_dets1.jpg,Dansomanclipped.tif
169,0.17898015677928925,803914.4375,611085.625,803910.0625,611090.6875,803918.8125,611080.5625,327905.3125,88.59375,1,3768,runs\Dansomanclipped\tiles_with_detections\Dansomanclipped_tile_003768_x75616_y10336_dets1.jpg,Dansomanclipped.tif
170,0.17893651127815247,803301.125,610990.75,803298.875,610992.3125,803303.3125,610989.25,50317.296875,13.58984375,1,5800,runs\Dansomanclipped\tiles_with_detections\Dansomanclipped_tile_005800_x38080_y16320_dets1.jpg,Dansomanclipped.tif
171,0.17882607877254486,803757.0,611041.0,803754.5625,611046.0,803759.5,611036.0,183769.078125,49.375,1,4705,runs\Dansomanclipped\tiles_with_detections\Dansomanclipped_tile_004705_x65824_y13056_dets1.jpg,Dansomanclipped.tif
172,0.1781439483165741,802998.875,610856.5,802997.5625,610858.125,803000.125,610854.8125,31718.38671875,8.48828125,1,8632,runs\Dansomanclipped\tiles_with_detections\Dansomanclipped_tile_008632_x20128_y24480_dets1.jpg,Dansomanclipped.tif
173,0.1779809147119522,802880.75,610906.375,802878.5625,610908.4375,802882.875,610904.25,67202.75,18.05859375,1,7472,runs\Dansomanclipped\tiles_with_detections\Dansomanclipped_tile_007472_x12512_y21216_dets1.jpg,Dansomanclipped.tif
174,0.1775469332933426,803618.5625,611036.125,803618.3125,611036.3125,803618.8125,611035.875,887.701171875,0.21875,1,4881,runs\Dansomanclipped\tiles_with_detections\Dansomanclipped_tile_004881_x57664_y13600_dets1.jpg,Dansomanclipped.tif
175,0.1775231510400772,803452.0,610978.4375,803448.625,610983.375,803455.375,610973.5,248215.5,66.65625,1,6008,runs\Dansomanclipped\tiles_with_detections\Dansomanclipped_tile_006008_x47328_y16864_dets2.jpg,Dansomanclipped.tif
176,0.17716176807880402,804343.0,611235.4375,804339.4375,611238.5625,804346.5,611232.3125,163230.984375,44.140625,1,569,runs\Dansomanclipped\tiles_with_detections\Dansomanclipped_tile_000569_x101728_y1088_dets1.jpg,Dansomanclipped.tif
177,0.17690008878707886,803452.6875,610969.375,803450.0625,610974.4375,803455.3125,610964.375,193940.0,52.828125,1,6199,runs\Dansomanclipped\tiles_with_detections\Dansomanclipped_tile_006199_x47328_y17408_dets2.jpg,Dansomanclipped.tif
178,0.1764211356639862,803290.8125,610941.75,803287.5625,610946.375,803294.0625,610937.125,223073.28125,60.125,1,6754,runs\Dansomanclipped\tiles_with_detections\Dansomanclipped_tile_006754_x37536_y19040_dets1.jpg,Dansomanclipped.tif
179,0.1757754683494568,803609.25,611005.1875,803605.875,611010.1875,803612.5625,611000.1875,245623.90625,66.875,1,5453,runs\Dansomanclipped\tiles_with_detections\Dansomanclipped_tile_005453_x57120_y15232_dets1.jpg,Dansomanclipped.tif
180,0.17519280314445496,803453.875,611002.25,803452.4375,611003.5,803455.3125,611001.0,26093.619140625,7.1875,1,5435,runs\Dansomanclipped\tiles_with_detections\Dansomanclipped_tile_005435_x47328_y15232_dets3.jpg,Dansomanclipped.tif
181,0.17518581449985504,802926.75,610915.0625,802926.0,610916.125,802927.5625,610914.0,12429.07421875,3.3203125,1,7286,runs\Dansomanclipped\tiles_with_detections\Dansomanclipped_tile_007286_x15232_y20672_dets4.jpg,Dansomanclipped.tif
182,0.17510434985160828,802971.625,610911.8125,802970.75,610913.3125,802972.4375,610910.3125,18640.681640625,5.0625,1,7292,runs\Dansomanclipped\tiles_with_detections\Dansomanclipped_tile_007292_x18496_y20672_dets1.jpg,Dansomanclipped.tif
183,0.1745705008506775,802949.4375,610921.0,802944.4375,610922.8125,802954.4375,610919.1875,136082.796875,36.25,1,7098,runs\Dansomanclipped\tiles_with_detections\Dansomanclipped_tile_007098_x16864_y20128_dets3.jpg,Dansomanclipped.tif
184,0.1732899397611618,803151.625,610951.0,803149.6875,610955.375,803153.5,610946.625,123039.9453125,33.359375,1,6548,runs\Dansomanclipped\tiles_with_detections\Dansomanclipped_tile_006548_x29376_y18496_dets1.jpg,Dansomanclipped.tif
185,0.16467810422182083,802891.25,610924.15625,802890.8125,610924.625,802891.6875,610923.6875,2937.4398193359375,0.8203125,2,7091,runs\Dansomanclipped\tiles_with_detections\Dansomanclipped_tile_007091_x13056_y20128_dets3.jpg,Dansomanclipped.tif
186,0.17258796095848083,803455.25,611006.875,803453.8125,611010.1875,803456.625,611003.625,67914.359375,18.45703125,1,5436,runs\Dansomanclipped\tiles_with_detections\Dansomanclipped_tile_005436_x47872_y15232_dets2.jpg,Dansomanclipped.tif
187,0.17201438546180725,803450.75,610951.4375,803446.1875,610956.5,803455.375,610946.375,345239.15625,93.0234375,1,6581,runs\Dansomanclipped\tiles_with_detections\Dansomanclipped_tile_006581_x47328_y18496_dets1.jpg,Dansomanclipped.tif
188,0.1718120276927948,803712.1875,611083.375,803709.5625,611086.5625,803714.8125,611080.1875,124376.71875,33.46875,1,3745,runs\Dansomanclipped\tiles_with_detections\Dansomanclipped_tile_003745_x63104_y10336_dets1.jpg,Dansomanclipped.tif
189,0.17090089619159698,804341.625,611230.375,804339.4375,611233.8125,804343.875,611226.875,113128.203125,30.78515625,1,760,runs\Dansomanclipped\tiles_with_detections\Dansomanclipped_tile_000760_x101728_y1632_dets1.jpg,Dansomanclipped.tif
190,0.1708851009607315,803285.5625,610954.5,803283.8125,610956.5,803287.3125,610952.4375,52100.87109375,14.21875,1,6563,runs\Dansomanclipped\tiles_with_detections\Dansomanclipped_tile_006563_x37536_y18496_dets1.jpg,Dansomanclipped.tif
191,0.1701749563217163,803291.0,610933.625,803287.75,610938.625,803294.3125,610928.5625,243320.03125,66.03515625,1,6945,runs\Dansomanclipped\tiles_with_detections\Dansomanclipped_tile_006945_x37536_y19584_dets2.jpg,Dansomanclipped.tif
192,0.16971702873706818,804064.0625,611130.8125,804062.125,611135.375,804066.0,611126.25,130768.828125,35.359375,1,2830,runs\Dansomanclipped\tiles_with_detections\Dansomanclipped_tile_002830_x84864_y7616_dets1.jpg,Dansomanclipped.tif
193,0.169695183634758,804117.125,611166.0625,804115.8125,611168.0625,804118.375,611164.0625,37871.2890625,10.25,1,2072,runs\Dansomanclipped\tiles_with_detections\Dansomanclipped_tile_002072_x88128_y5440_dets1.jpg,Dansomanclipped.tif
194,0.1694742888212204,803806.125,611103.9375,803805.0625,611104.875,803807.25,611103.0,14963.0595703125,4.1015625,1,3374,runs\Dansomanclipped\tiles_with_detections\Dansomanclipped_tile_003374_x69088_y9248_dets1.jpg,Dansomanclipped.tif
195,0.16933473944664001,803217.25,610990.5,803215.9375,610991.875,803218.625,610989.0625,28276.61328125,7.55859375,1,5791,runs\Dansomanclipped\tiles_with_detections\Dansomanclipped_tile_005791_x33184_y16320_dets2.jpg,Dansomanclipped.tif
196,0.16913370788097382,804057.125,611160.6875,804055.1875,611162.25,804059.0,611159.125,44043.0390625,11.9140625,1,2256,runs\Dansomanclipped\tiles_with_detections\Dansomanclipped_tile_002256_x84320_y5984_dets1.jpg,Dansomanclipped.tif
197,0.16901253163814545,803602.25,611005.125,803597.0625,611010.1875,803607.4375,611000.0,390575.84375,105.6953125,1,5452,runs\Dansomanclipped\tiles_with_detections\Dansomanclipped_tile_005452_x56576_y15232_dets1.jpg,Dansomanclipped.tif
198,0.1685502976179123,803190.5,610988.625,803188.3125,610991.875,803192.625,610985.3125,103410.7109375,28.30078125,1,5788,runs\Dansomanclipped\tiles_with_detections\Dansomanclipped_tile_005788_x31552_y16320_dets2.jpg,Dansomanclipped.tif
199,0.16828444600105286,802941.25,610915.75,802940.9375,610916.125,802941.625,610915.4375,1815.0638427734375,0.47265625,1,7288,runs\Dansomanclipped\tiles_with_detections\Dansomanclipped_tile_007288_x16320_y20672_dets3.jpg,Dansomanclipped.tif
200,0.16799286007881165,802987.25,610877.0,802987.0625,610877.4375,802987.5,610876.625,1285.8016357421875,0.35546875,1,8057,runs\Dansomanclipped\tiles_with_detections\Dansomanclipped_tile_008057_x19040_y22848_dets3.jpg,Dansomanclipped.tif
201,0.16785520315170288,803283.5625,610959.6875,803281.75,610964.375,803285.375,610955.0,126943.90625,33.984375,1,6371,runs\Dansomanclipped\tiles_with_detections\Dansomanclipped_tile_006371_x36992_y17952_dets1.jpg,Dansomanclipped.tif
202,0.16759604215621948,803454.125,611006.125,803452.875,611007.6875,803455.375,611004.5,29356.05078125,7.96875,1,5435,runs\Dansomanclipped\tiles_with_detections\Dansomanclipped_tile_005435_x47328_y15232_dets3.jpg,Dansomanclipped.tif
203,0.16736364364624023,802931.25,610910.9375,802930.875,610911.375,802931.6875,610910.5,2660.01171875,0.7109375,1,7287,runs\Dansomanclipped\tiles_with_detections\Dansomanclipped_tile_007287_x15776_y20672_dets2.jpg,Dansomanclipped.tif
204,0.16653095185756683,803176.875,610974.25,803175.75,610975.6875,803178.0625,610972.875,24440.953125,6.50390625,1,5977,runs\Dansomanclipped\tiles_with_detections\Dansomanclipped_tile_005977_x30464_y16864_dets3.jpg,Dansomanclipped.tif
205,0.16613978147506714,804158.125,611178.625,804155.6875,611180.1875,804160.625,611177.125,55338.1953125,15.12109375,1,1885,runs\Dansomanclipped\tiles_with_detections\Dansomanclipped_tile_001885_x90304_y4896_dets3.jpg,Dansomanclipped.tif
206,0.16581584513187408,803597.0,611032.875,803595.5,611037.0,803598.5,611028.6875,92160.4375,24.9375,1,4878,runs\Dansomanclipped\tiles_with_detections\Dansomanclipped_tile_004878_x56032_y13600_dets1.jpg,Dansomanclipped.tif
207,0.16547389328479767,802965.25,610914.625,802961.8125,610918.9375,802968.6875,610910.25,222328.59375,59.7265625,1,7291,runs\Dansomanclipped\tiles_with_detections\Dansomanclipped_tile_007291_x17952_y20672_dets1.jpg,Dansomanclipped.tif
208,0.16481073200702667,804330.625,611225.0,804329.25,611226.75,804332.0625,611223.3125,35734.8203125,9.66796875,1,758,runs\Dansomanclipped\tiles_with_detections\Dansomanclipped_tile_000758_x100640_y1632_dets2.jpg,Dansomanclipped.tif
209,0.16466251015663147,803680.0,611083.75,803678.625,611085.0625,803681.4375,611082.5,26267.755859375,7.20703125,1,3742,runs\Dansomanclipped\tiles_with_detections\Dansomanclipped_tile_003742_x61472_y10336_dets1.jpg,Dansomanclipped.tif
210,0.16451826691627502,804132.375,611183.1875,804129.4375,611187.6875,804135.25,611178.6875,191682.34375,52.3125,1,1691,runs\Dansomanclipped\tiles_with_detections\Dansomanclipped_tile_001691_x88672_y4352_dets1.jpg,Dansomanclipped.tif
211,0.16416355967521667,802891.0,610927.0625,802890.6875,610927.4375,802891.25,610926.6875,1644.2611083984375,0.421875,1,7091,runs\Dansomanclipped\tiles_with_detections\Dansomanclipped_tile_007091_x13056_y20128_dets3.jpg,Dansomanclipped.tif
212,0.163908913731575,803116.125,610982.625,803113.875,610983.375,803118.4375,610981.875,25094.548828125,6.84375,1,5971,runs\Dansomanclipped\tiles_with_detections\Dansomanclipped_tile_005971_x27200_y16864_dets1.jpg,Dansomanclipped.tif
213,0.16340136528015137,803111.75,610979.375,803110.875,610980.375,803112.5625,610978.4375,12426.5458984375,3.26953125,1,5970,runs\Dansomanclipped\tiles_with_detections\Dansomanclipped_tile_005970_x26656_y16864_dets1.jpg,Dansomanclipped.tif
214,0.1631280928850174,803778.75,611097.0,803775.875,611099.6875,803781.625,611094.3125,113336.15625,30.90625,1,3562,runs\Dansomanclipped\tiles_with_detections\Dansomanclipped_tile_003562_x67456_y9792_dets1.jpg,Dansomanclipped.tif
215,0.16250842809677124,802852.5,610897.375,802850.5,610898.875,802854.5625,610895.8125,45666.8359375,12.44140625,1,7660,runs\Dansomanclipped\tiles_with_detections\Dansomanclipped_tile_007660_x10880_y21760_dets1.jpg,Dansomanclipped.tif
216,0.16197168827056885,803083.75,610956.0,803082.0,610957.0,803085.5,610955.0,26070.35546875,7.0,1,6349,runs\Dansomanclipped\tiles_with_detections\Dansomanclipped_tile_006349_x25024_y17952_dets1.jpg,Dansomanclipped.tif
217,0.16196927428245544,803599.25,611023.9375,803596.9375,611028.0,803601.5625,611019.875,138019.96875,37.578125,1,5070,runs\Dansomanclipped\tiles_with_detections\Dansomanclipped_tile_005070_x56576_y14144_dets2.jpg,Dansomanclipped.tif
218,0.16169457137584686,803915.125,611076.6875,803911.375,611081.6875,803918.875,611071.6875,278485.3125,75.0,1,3959,runs\Dansomanclipped\tiles_with_detections\Dansomanclipped_tile_003959_x75616_y10880_dets1.jpg,Dansomanclipped.tif
219,0.16148778796195984,802881.5,610901.75,802880.125,610902.875,802882.875,610900.5625,23630.8515625,6.359375,1,7663,runs\Dansomanclipped\tiles_with_detections\Dansomanclipped_tile_007663_x12512_y21760_dets2.jpg,Dansomanclipped.tif
220,0.16148215532302856,803303.375,610990.5,803301.75,610992.3125,803305.0,610988.75,42461.015625,11.578125,1,5801,runs\Dansomanclipped\tiles_with_detections\Dansomanclipped_tile_005801_x38624_y16320_dets1.jpg,Dansomanclipped.tif
221,0.16131746768951416,803459.375,610972.625,803457.4375,610974.4375,803461.3125,610970.75,52355.76171875,14.2890625,1,6200,runs\Dansomanclipped\tiles_with_detections\Dansomanclipped_tile_006200_x47872_y17408_dets1.jpg,Dansomanclipped.tif
222,0.16101689636707306,802841.75,610902.5625,802840.6875,610903.75,802842.75,610901.375,18215.96484375,4.8984375,1,7468,runs\Dansomanclipped\tiles_with_detections\Dansomanclipped_tile_007468_x10336_y21216_dets1.jpg,Dansomanclipped.tif
223,0.16086934506893158,803958.625,611133.375,803958.3125,611133.625,803958.875,611133.0625,1253.941650390625,0.31640625,1,2818,runs\Dansomanclipped\tiles_with_detections\Dansomanclipped_tile_002818_x78336_y7616_dets1.jpg,Dansomanclipped.tif
224,0.16076688468456268,803221.25,610984.625,803220.75,610985.25,803221.6875,610984.0625,3855.5166015625,1.11328125,1,5791,runs\Dansomanclipped\tiles_with_detections\Dansomanclipped_tile_005791_x33184_y16320_dets2.jpg,Dansomanclipped.tif
225,0.1605471670627594,803775.75,611096.75,803774.1875,611099.625,803777.375,611093.9375,68112.9765625,18.12890625,1,3561,runs\Dansomanclipped\tiles_with_detections\Dansomanclipped_tile_003561_x66912_y9792_dets2.jpg,Dansomanclipped.tif
226,0.15932387113571167,803703.5,611082.875,803701.125,611085.5625,803705.8125,611080.1875,92500.203125,25.1953125,1,3744,runs\Dansomanclipped\tiles_with_detections\Dansomanclipped_tile_003744_x62560_y10336_dets1.jpg,Dansomanclipped.tif
227,0.15913361310958862,802811.4375,610904.0,802809.75,610906.4375,802813.125,610901.5,61025.40234375,16.6640625,1,7465,runs\Dansomanclipped\tiles_with_detections\Dansomanclipped_tile_007465_x8704_y21216_dets2.jpg,Dansomanclipped.tif
228,0.15883512794971466,802945.0,610919.875,802944.625,610920.75,802945.4375,610919.0625,5128.509765625,1.37109375,1,7288,runs\Dansomanclipped\tiles_with_detections\Dansomanclipped_tile_007288_x16320_y20672_dets3.jpg,Dansomanclipped.tif
229,0.15849164128303528,803456.8125,610959.625,803453.8125,610964.1875,803459.8125,610955.0,203879.3125,55.125,1,6391,runs\Dansomanclipped\tiles_with_detections\Dansomanclipped_tile_006391_x47872_y17952_dets1.jpg,Dansomanclipped.tif
230,0.15833497047424316,802677.0,610860.5,802675.5625,610864.4375,802678.5,610856.5625,86188.203125,23.1328125,1,8405,runs\Dansomanclipped\tiles_with_detections\Dansomanclipped_tile_008405_x544_y23936_dets2.jpg,Dansomanclipped.tif
231,0.1582162231206894,804332.625,611241.25,804330.5,611242.8125,804334.8125,611239.625,51427.28125,13.74609375,1,568,runs\Dansomanclipped\tiles_with_detections\Dansomanclipped_tile_000568_x101184_y1088_dets1.jpg,Dansomanclipped.tif
232,0.15805767476558685,804250.0,611194.125,804248.4375,611198.0625,804251.5,611190.1875,89965.671875,24.1171875,1,1513,runs\Dansomanclipped\tiles_with_detections\Dansomanclipped_tile_001513_x95744_y3808_dets2.jpg,Dansomanclipped.tif
233,0.15731003880500793,804355.875,611231.1875,804354.6875,611233.0,804357.125,611229.375,32422.1875,8.8359375,1,761,runs\Dansomanclipped\tiles_with_detections\Dansomanclipped_tile_000761_x102272_y1632_dets2.jpg,Dansomanclipped.tif
234,0.15725786983966827,803602.375,610996.1875,803597.375,611001.25,803607.4375,610991.125,375607.4375,101.8828125,1,5643,runs\Dansomanclipped\tiles_with_detections\Dansomanclipped_tile_005643_x56576_y15776_dets1.jpg,Dansomanclipped.tif
235,0.1565002053976059,803148.125,610894.0625,803146.3125,610895.75,803149.9375,610892.375,45687.54296875,12.234375,1,7693,runs\Dansomanclipped\tiles_with_detections\Dansomanclipped_tile_007693_x28832_y21760_dets1.jpg,Dansomanclipped.tif
236,0.1559072881937027,804330.75,611220.5,804329.375,611224.875,804332.0625,611216.0625,87660.4140625,23.68359375,1,949,runs\Dansomanclipped\tiles_with_detections\Dansomanclipped_tile_000949_x100640_y2176_dets2.jpg,Dansomanclipped.tif
237,0.15581834316253662,804064.0,611122.0,804062.125,611126.5,804065.9375,611117.4375,127079.7109375,34.55078125,1,3021,runs\Dansomanclipped\tiles_with_detections\Dansomanclipped_tile_003021_x84864_y8160_dets2.jpg,Dansomanclipped.tif
238,0.15580852329730988,803287.75,610933.625,803284.1875,610938.625,803291.25,610928.5625,261507.90625,71.06640625,1,6945,runs\Dansomanclipped\tiles_with_detections\Dansomanclipped_tile_006945_x37536_y19584_dets2.jpg,Dansomanclipped.tif
239,0.15580640733242035,803300.625,610910.5625,803300.375,610910.875,803300.9375,610910.25,1345.6201171875,0.3515625,1,7519,runs\Dansomanclipped\tiles_with_detections\Dansomanclipped_tile_007519_x38080_y21216_dets1.jpg,Dansomanclipped.tif
240,0.1554572880268097,803761.25,611041.0,803757.9375,611046.0,803764.625,611035.9375,247344.015625,67.29296875,1,4706,runs\Dansomanclipped\tiles_with_detections\Dansomanclipped_tile_004706_x66368_y13056_dets1.jpg,Dansomanclipped.tif
241,0.1551687866449356,803912.625,611120.375,803910.0625,611124.6875,803915.25,611116.0,167285.859375,45.06640625,1,3004,runs\Dansomanclipped\tiles_with_detections\Dansomanclipped_tile_003004_x75616_y8160_dets1.jpg,Dansomanclipped.tif
242,0.15381638705730438,803025.5,610943.8125,803024.9375,610944.6875,803026.0,610942.9375,7027.4697265625,1.859375,1,6724,runs\Dansomanclipped\tiles_with_detections\Dansomanclipped_tile_006724_x21216_y19040_dets1.jpg,Dansomanclipped.tif
243,0.15379834175109863,802951.6875,610934.4375,802949.0,610938.625,802954.375,610930.25,167813.578125,45.015625,1,6907,runs\Dansomanclipped\tiles_with_detections\Dansomanclipped_tile_006907_x16864_y19584_dets3.jpg,Dansomanclipped.tif
244,0.15356992185115814,803553.5,611065.5,803552.1875,611068.6875,803554.875,611062.3125,62535.4765625,17.1328125,1,4110,runs\Dansomanclipped\tiles_with_detections\Dansomanclipped_tile_004110_x53856_y11424_dets1.jpg,Dansomanclipped.tif
245,0.15339839458465576,803445.5625,610973.5625,803444.875,610974.4375,803446.25,610972.6875,8870.3427734375,2.40625,1,6199,runs\Dansomanclipped\tiles_with_detections\Dansomanclipped_tile_006199_x47328_y17408_dets2.jpg,Dansomanclipped.tif
246,0.15324731171131134,803754.125,611076.625,803749.0,611081.75,803759.25,611071.5625,385227.5625,104.421875,1,3941,runs\Dansomanclipped\tiles_with_detections\Dansomanclipped_tile_003941_x65824_y10880_dets1.jpg,Dansomanclipped.tif
247,0.15205596387386322,804323.3125,611250.5,804321.5625,611251.75,804325.0625,611249.3125,31221.5546875,8.53125,1,376,runs\Dansomanclipped\tiles_with_detections\Dansomanclipped_tile_000376_x100640_y544_dets1.jpg,Dansomanclipped.tif
248,0.15173207223415375,803464.625,610938.4375,803462.75,610939.8125,803466.4375,610937.0625,38073.2578125,10.140625,1,6774,runs\Dansomanclipped\tiles_with_detections\Dansomanclipped_tile_006774_x48416_y19040_dets1.jpg,Dansomanclipped.tif
249,0.1515452265739441,803176.5,610981.0,803174.9375,610983.3125,803178.0625,610978.75,53429.71875,14.2578125,1,5977,runs\Dansomanclipped\tiles_with_detections\Dansomanclipped_tile_005977_x30464_y16864_dets3.jpg,Dansomanclipped.tif
250,0.15140725672245026,803445.5625,610975.3125,803444.875,610977.625,803446.25,610973.0,23532.83984375,6.359375,1,6008,runs\Dansomanclipped\tiles_with_detections\Dansomanclipped_tile_006008_x47328_y16864_dets2.jpg,Dansomanclipped.tif
251,0.1511998027563095,804099.625,611167.6875,804097.875,611171.1875,804101.375,611164.1875,89791.8671875,24.5,1,2070,runs\Dansomanclipped\tiles_with_detections\Dansomanclipped_tile_002070_x87040_y5440_dets2.jpg,Dansomanclipped.tif
252,0.15046946704387665,802997.75,610935.9375,802996.3125,610937.5625,802999.125,610934.3125,33683.4140625,9.140625,1,6912,runs\Dansomanclipped\tiles_with_detections\Dansomanclipped_tile_006912_x19584_y19584_dets1.jpg,Dansomanclipped.tif
253,0.15030811727046967,804243.875,611190.875,804242.1875,611192.5,804245.5625,611189.1875,41605.54296875,11.1796875,1,1513,runs\Dansomanclipped\tiles_with_detections\Dansomanclipped_tile_001513_x95744_y3808_dets2.jpg,Dansomanclipped.tif
254,0.1501779854297638,804148.0,611170.25,804142.875,611171.25,804153.125,611169.1875,79001.703125,21.140625,1,2075,runs\Dansomanclipped\tiles_with_detections\Dansomanclipped_tile_002075_x89760_y5440_dets1.jpg,Dansomanclipped.tif
